year,month,inflation_1,inflation_3,tbill_1,tbill_3,cpi
1950,2,-3.552289,1.12937,1.100854,1.129406,23.5
1950,3,5.24754,4.001566,1.125513,1.137254,23.6
1950,4,1.69286,4.49216,1.115715,1.142319,23.6
1950,5,5.064298,7.817513,1.14638,1.177902,23.7
1950,6,6.719322,9.43358,1.15852,1.167777,23.8
1950,7,11.66892,9.976068,1.151104,1.167652,24.1
1950,8,9.912501,8.259018,1.146461,1.167706,24.3
1950,9,8.346786,6.576546,1.276599,1.310467,24.4
1950,10,6.517766,9.153059,1.303436,1.330482,24.6
1950,11,4.865085,13.36522,1.278665,1.341772,24.7
1950,12,16.076321,16.43082,1.339448,1.39141,25
1951,1,19.15424,12.62232,1.333521,1.366064,25.4
1951,2,14.06191,6.75301,1.33622,1.375103,25.7
1951,3,4.650814,3.608045,1.309963,1.385715,25.8
1951,4,1.54631,1.544322,1.486515,1.518644,25.8
1951,5,4.62701,1.542337,1.369392,1.477787,25.9
1951,6,-1.540355,0,1.412412,1.523766,25.9
1951,7,1.540355,3.070871,1.478227,1.579754,25.9
1951,8,0,4.591611,1.523216,1.622883,25.9
1951,9,7.672257,6.661435,1.559448,1.652985,26.1
1951,10,6.102576,5.615067,1.608015,1.671224,26.2
1951,11,6.209472,3.580875,1.354395,1.573525,26.4
1951,12,4.533152,-1.010571,1.382005,1.615336,26.5
1952,1,0,-2.521622,1.699441,1.774221,26.5
1952,2,-7.564866,4.001874,1.336322,1.575366,26.3
1952,3,0,6.025446,1.25578,1.615336,26.3
1952,4,19.57049,6.523497,1.434789,1.533802,26.4
1952,5,-1.494151,0,1.611428,1.682034,26.4
1952,6,1.494151,0,1.647977,1.764054,26.5
1952,7,0,-0.49805,1.764363,1.767863,26.7
1952,8,-1.494151,0,1.811402,1.896256,26.7
1952,9,0,0.49805,1.660229,1.864774,26.7
1952,10,1.494151,0,1.52757,1.755896,26.7
1952,11,0,-1.496015,1.496492,1.793443,26.7
1952,12,-1.494151,-3.499445,1.709497,1.992048,26.7
1953,1,-2.993894,-1.998426,1.953542,2.027236,26.6
1953,2,-6.010291,-0.499918,1.821014,1.981992,26.5
1953,3,3.008908,2.502724,2.003264,2.124516,26.6
1953,4,1.50163,2.993907,1.989382,2.046684,26.6
1953,5,2.997634,3.486373,2.097256,2.274444,26.7
1953,6,4.482457,3.477679,1.836678,2.267427,26.8
1953,7,2.979029,2.477883,1.677211,1.993954,26.8
1953,8,2.971549,2.471759,1.901986,2.119488,26.9
1953,9,1.483071,0,1.775778,1.961375,26.9
1953,10,2.960655,-0.989326,1.313724,1.540577,27
1953,11,-4.443726,-0.986885,0.923195,1.269372,26.9
1953,12,-1.484906,0,1.18978,1.56441,26.9
1954,1,2.967978,0,1.259994,1.397012,26.9
1954,2,-1.483071,-1.935961,0.951366,1.015266,26.9
1954,3,-1.484906,-0.494969,0.844287,1.005016,26.9
1954,4,-2.839906,0.494969,0.976012,1.0185,26.8
1954,5,2.839906,1.441604,0.646123,0.791714,26.9
1954,6,1.484906,0,0.577417,0.700243,26.9
1954,7,0,-1.441604,0.586387,0.629191,26.9
1954,8,-1.484906,-2.435701,0.633194,0.781465,26.9
1954,9,-2.839906,-0.946635,1.029765,1.030914,26.8
1954,10,-2.982291,-0.994097,0.849165,0.99035,26.8
1954,11,2.982291,0,0.777048,1.005016,26.8
1954,12,-2.982291,-0.994097,0.867328,1.032688,26.7
1955,1,0,0.49734,0.948217,1.005016,26.7
1955,2,0,0.49734,1.100391,1.116892,26.7
1955,3,1.49202,0.49734,1.074308,1.370959,26.7
1955,4,0,0,1.27227,1.41275,26.7
1955,5,0,0.992898,1.459828,1.600059,26.7
1955,6,0,0,1.049789,1.424169,26.7
1955,7,2.978693,1.443392,1.27227,1.4839,26.8
1955,8,-2.978693,0.450494,1.696364,1.768109,26.8
1955,9,4.330177,1.938361,1.964758,2.100647,26.9
1955,10,0,-0.450494,2.117803,2.160292,26.9
1955,11,1.484906,-0.450494,2.027555,2.144762,26.9
1955,12,-2.83639,-0.945463,1.979112,2.446284,26.8
1956,1,0,0.945463,2.40158,2.512058,26.8
1956,2,0,1.43982,2.263193,2.371387,26.8
1956,3,2.83639,3.411161,1.940531,2.304503,26.8
1956,4,1.483071,4.382885,2.206671,2.308418,26.9
1956,5,5.914023,6.813407,2.607511,2.705708,27
1956,6,5.751562,4.356097,2.302488,2.599329,27.2
1956,7,8.774637,2.924879,2.301711,2.430449,27.4
1956,8,-1.457907,1.894174,2.055208,2.349826,27.3
1956,9,1.457907,2.863264,2.370418,2.689642,27.4
1956,10,5.682521,3.34179,2.660494,2.94079,27.5
1956,11,1.449363,1.447616,2.545586,2.884,27.5
1956,12,2.893485,1.92667,2.494819,3.063395,27.6
1957,1,0,1.878452,3.037634,3.275083,27.6
1957,2,2.886525,2.836124,3.030471,3.160434,27.7
1957,3,2.74883,2.829334,2.859647,3.309855,27.8
1957,4,2.873018,4.248456,2.809841,3.002093,27.9
1957,5,2.866156,5.183645,3.035598,3.062012,28
1957,6,7.006195,4.700087,3.120537,3.334133,28.1
1957,7,5.678584,2.83596,2.970926,3.283905,28.3
1957,8,1.415482,0.943099,3.050539,3.417728,28.3
1957,9,1.413814,1.839085,3.031708,3.544027,28.3
1957,10,0,1.367814,3.045735,3.487113,28.3
1957,11,4.103441,3.707886,3.311671,3.657691,28.4
1957,12,0,2.806448,2.494819,3.170723,28.4
1958,1,7.020216,5.088068,2.692548,2.777039,28.6
1958,2,1.399128,3.67383,1.49646,1.472812,28.6
1958,3,6.84486,3.207454,1.108422,1.264344,28.8
1958,4,2.777502,1.387917,0.982718,1.086284,28.9
1958,5,0,0.923664,1.152388,1.208292,28.9
1958,6,1.386248,0.923664,0.321476,0.574798,28.9
1958,7,1.384744,0.461581,0.684921,0.740794,29
1958,8,0,0.461049,0.693792,0.904381,28.9
1958,9,0,0.921568,1.758938,2.349041,28.9
1958,10,1.383148,0.461049,1.754994,2.852134,28.9
1958,11,1.381556,0.460519,1.619457,2.588638,29
1958,12,-1.381556,-0.460519,1.933994,2.823406,28.9
1959,1,1.381556,0,2.340683,2.705645,29
1959,2,-1.381556,0,2.415338,2.694842,28.9
1959,3,0,0.878704,2.322016,2.779415,28.9
1959,4,1.381556,2.713579,2.365043,2.880216,29
1959,5,1.254555,3.167352,2.680082,2.890391,29
1959,6,5.504627,2.292283,2.642592,3.060056,29.1
1959,7,2.742874,1.370654,2.674833,3.23543,29.2
1959,8,-1.370653,1.781003,2.243447,3.027125,29.2
1959,9,2.739743,2.692225,3.41168,3.878451,29.3
1959,10,3.973921,0.869787,3.294856,4.150542,29.4
1959,11,1.36301,0,3.004809,4.0565,29.4
1959,12,-2.727571,-0.454337,2.971573,4.486123,29.4
1960,1,1.36456,2.721363,3.995663,4.441035,29.3
1960,2,0,2.26651,3.413697,4.042379,29.4
1960,3,6.799529,3.128562,3.808145,4.23782,29.4
1960,4,0,0.862053,2.520844,3.072882,29.5
1960,5,2.586158,0.862053,2.958692,3.070006,29.5
1960,6,0,0.450799,2.351978,3.188187,29.6
1960,7,0,2.248901,1.541553,2.218482,29.6
1960,8,1.352397,2.697174,1.81571,2.230017,29.6
1960,9,5.394306,2.246375,1.740436,2.29149,29.6
1960,10,1.344819,0.448273,2.37539,2.357825,29.8
1960,11,0,0.447771,1.511872,2.134843,29.8
1960,12,0,0,1.430388,2.416242,29.8
1961,1,1.343314,0.447771,1.962902,2.23676,29.8
1961,2,-1.343314,0,2.00442,2.32645,29.8
1961,3,1.343314,0.895042,2.444798,2.62091,29.8
1961,4,0,2.190901,2.139038,2.42666,29.8
1961,5,1.341812,1.745577,1.772198,2.286677,29.8
1961,6,5.23089,2.188459,2.271388,2.368393,29.8
1961,7,-1.335972,0.444829,2.043461,2.288946,30
1961,8,2.670459,0.890153,1.597829,2.246351,29.9
1961,9,0,0,2.006529,2.373545,30
1961,10,0,0,1.979064,2.266714,30
1961,11,0,0.888176,1.949027,2.318517,30
1961,12,0,1.774385,2.197137,2.577044,30
1962,1,2.664529,2.618476,2.459678,2.699402,30
1962,2,2.658626,1.730299,2.488631,2.72862,30.1
1962,3,2.532271,0.844091,2.486641,2.745974,30.1
1962,4,0,0.882357,2.630906,2.789952,30.2
1962,5,0,0.882357,2.689774,2.754381,30.2
1962,6,2.647071,3.079848,2.373935,2.729187,30.2
1962,7,0,1.758957,2.928275,2.951176,30.3
1962,8,6.592472,1.758957,2.643803,2.910413,30.3
1962,9,-1.3156,-0.877548,2.648808,2.839575,30.4
1962,10,0,0,2.709558,2.785858,30.4
1962,11,-1.317044,0.438533,2.486641,2.749568,30.4
1962,12,1.317044,1.27579,2.53344,2.904235,30.4
1963,1,1.3156,0.836775,2.944123,2.957431,30.4
1963,2,1.194725,0.398242,2.907122,2.967558,30.4
1963,3,0,1.747605,2.852657,2.929799,30.5
1963,4,0,3.053316,2.826086,2.946826,30.5
1963,5,5.242814,3.053316,2.852562,2.941073,30.5
1963,6,3.917133,1.740003,2.8754,3.051415,30.6
1963,7,0,0.828685,2.984384,3.030629,30.7
1963,8,1.302875,0.828685,3.043383,3.321096,30.7
1963,9,1.183181,1.260711,3.178569,3.43429,30.7
1963,10,0,0.866317,3.423594,3.431908,30.8
1963,11,2.598952,0.866317,3.367785,3.539576,30.8
1963,12,0,-0.432924,3.066185,3.550136,30.9
1964,1,0,0,3.462413,3.576063,30.9
1964,2,-1.298772,0.864445,3.442041,3.546337,30.9
1964,3,1.298772,1.297369,3.518041,3.634622,30.9
1964,4,2.593336,1.726996,3.523342,3.5813990000000002,30.9
1964,5,0,1.293145,3.296981,3.508528,30.9
1964,6,2.587653,0.862551,3.148786,3.526088,31
1964,7,1.291782,0.860725,3.385241,3.497084,31.1
1964,8,-1.291782,0.82075,3.205486,3.515125,31
1964,9,2.582175,2.109384,3.325101,3.49999,31.1
1964,10,1.171857,1.676989,3.513428,3.609034,31.1
1964,11,2.574118,0.858039,3.430021,3.587705,31.2
1964,12,1.284992,0,3.553796,3.850317,31.2
1965,1,-1.284992,0,3.375911,3.887484,31.2
1965,2,0,1.710577,3.906698,3.894037,31.2
1965,3,1.284992,2.56313,3.8401,4.050973,31.3
1965,4,3.846739,4.219749,3.782197,3.945796,31.4
1965,5,2.557659,3.360888,3.843874,3.979785,31.4
1965,6,6.254851,1.661117,3.75737,3.9313380000000002,31.6
1965,7,1.270154,0.423385,3.757485,3.864782,31.6
1965,8,-2.541654,0,3.838285,3.859693,31.6
1965,9,2.541654,1.692616,3.760637,3.884575,31.6
1965,10,0,2.071921,3.94052,4.070632,31.7
1965,11,2.536194,2.071921,3.864013,4.104157,31.7
1965,12,3.67957,3.744428,3.767424,4.165789,31.8
1966,1,0,3.315736,4.27376,4.549987,31.8
1966,2,7.553715,4.982257,4.505182,4.69761,32
1966,3,2.393494,2.464352,4.449236,4.650766,32.1
1966,4,4.999561,2.497184,4.365487,4.595912,32.3
1966,5,0,1.659577,4.571431,4.702817,32.3
1966,6,2.491991,4.09873,4.474823,4.636959,32.4
1966,7,2.486741,3.679379,4.418912,4.601108,32.5
1966,8,7.317456,4.454273,4.505934,4.796622,32.7
1966,9,1.23394,2.015121,4.686821,5.046955,32.7
1966,10,4.811423,1.603808,4.993838,5.417242,32.9
1966,11,0,0,4.673236,5.33163,32.9
1966,12,0,0.409247,4.113419,5.250224,32.9
1967,1,0,1.226489,4.52037,4.896517,32.9
1967,2,1.227743,2.042063,4.522959,4.587357,32.9
1967,3,2.451723,2.816138,4.367971,4.58993,33
1967,4,2.446724,3.215551,4.062346,4.080981,33.1
1967,5,3.549967,4.016418,3.401444,3.769473,33.2
1967,6,3.649961,3.602288,3.252299,3.50822,33.3
1967,7,4.849325,3.591396,3.604845,3.991882,33.4
1967,8,2.307577,3.177094,3.70212,4.222732,33.5
1967,9,3.617287,3.171014,3.825303,4.423455,33.6
1967,10,3.606416,3.161507,4.129859,4.46881,33.7
1967,11,2.289339,3.548804,4.167318,4.591134,33.8
1967,12,3.588767,3.937702,4.174663,5.038584,33.9
1968,1,4.768305,4.320074,4.250726,5.091243,34.1
1968,2,3.456034,3.910535,4.78487,4.936598,34.2
1968,3,4.735883,4.290752,4.622157,5.111691,34.3
1968,4,3.539687,3.884059,4.705776,5.189157,34.4
1968,5,4.596686,3.837307,5.335077,5.521785,34.5
1968,6,3.515803,3.470262,5.440826,5.828537,34.7
1968,7,3.399432,3.460153,5.334825,5.379491,34.9
1968,8,3.495549,4.220922,5.182366,5.235474,35
1968,9,3.485477,4.208735,4.876526,5.245113,35.1
1968,10,5.681739,3.813732,5.177992,5.210377,35.3
1968,11,3.45899,3.032572,5.509593,5.563256,35.4
1968,12,2.300467,3.404557,4.774937,5.544795,35.5
1969,1,3.338259,4.879995,5.996779,6.245157,35.6
1969,2,4.574945,5.654777,5.884875,6.305484,35.8
1969,3,6.726781,5.223906,5.640508,6.343841,36.1
1969,4,5.662605,5.602139,5.327103,6.052366,36.3
1969,5,3.282331,4.798615,6.129685,5.975126,36.4
1969,6,7.861482,5.190248,5.742183,6.20471,36.6
1969,7,3.252032,4.016411,6.099154,6.350597,36.8
1969,8,4.457231,4.407312,7.016599,7.189853,37
1969,9,4.339972,4.724253,6.771462,7.05887,37.1
1969,10,4.424734,5.801062,7.11834,7.253054,37.3
1969,11,5.408054,5.053668,6.521948,7.07584,37.5
1969,12,7.570396,5.064008,6.480878,7.617448,37.7
1970,1,2.182552,3.591618,6.519182,8.054419,37.8
1970,2,5.439077,5.381981,7.620307,8.011603,38
1970,3,3.153226,4.968185,6.388332,6.972158,38.2
1970,4,7.55364,4.987632,6.543093,6.403109,38.5
1970,5,4.197689,4.215353,6.496443,6.943302,38.6
1970,6,3.211568,3.52512,6.52485,7.010333,38.8
1970,7,5.236804,3.868804,5.946059,6.496565,39
1970,8,2.126986,4.203296,5.997014,6.393731,39
1970,9,4.242622,4.864438,6.180437,6.256333,39.2
1970,10,6.240278,5.195929,5.716725,5.900519,39.4
1970,11,4.110415,3.811963,5.335046,5.907806,39.6
1970,12,5.237093,4.145435,4.520519,5.015882,39.8
1971,1,2.088382,4.127476,4.255967,4.916293,39.8
1971,2,5.11083,5.463615,4.067414,4.178699,39.9
1971,3,5.183215,5.440576,3.172573,3.41801,40
1971,4,6.096802,5.757305,3.401508,3.523581,40.1
1971,5,5.041712,4.712515,3.655434,4.009751,40.3
1971,6,6.133401,3.370839,4.062538,4.383754,40.6
1971,7,2.962434,1.664978,4.876534,5.250791,40.7
1971,8,1.016681,1.353855,5.080359,5.353309,40.8
1971,9,1.01582,1.35271,4.469582,4.3991,40.8
1971,10,2.029064,2.331636,4.520473,4.631869,40.9
1971,11,1.013247,1.991636,4.062565,4.369933,40.9
1971,12,3.952596,3.635702,3.960794,4.340148,41.1
1972,1,1.009064,3.320568,3.342929,3.670526,41.1
1972,2,5.945445,3.984059,3.101628,3.393109,41.3
1972,3,3.007194,2.969473,3.248925,3.411175,41.4
1972,4,2.999539,2.962068,3.391474,3.83356,41.5
1972,5,2.901685,2.954746,3.24887,3.659902,41.6
1972,6,2.98498,2.947591,3.458769,3.843825,41.7
1972,7,2.977574,3.597407,3.503288,4.072689,41.9
1972,8,2.880218,3.588532,3.503247,3.732319,42
1972,9,4.93443,3.906536,4.316983,4.594255,42.1
1972,10,2.950948,3.239836,4.469308,4.578149,42.3
1972,11,3.834231,4.175816,4.523551,4.71243,42.4
1972,12,2.934329,5.774592,5.019121,4.938081,42.5
1973,1,5.758887,8.610047,4.825727,5.167611,42.6
1973,2,8.630559,9.836054,5.436763,5.750053,42.9
1973,3,11.4407,9.137978,5.589368,5.928442,43.3
1973,4,9.436906,7.804009,5.894883,6.494195,43.6
1973,5,6.536329,5.878299,5.971179,6.33601,43.9
1973,6,7.438794,10.13426,6.514791,7.027085,44.2
1973,7,3.659775,8.267436,7.373315,7.658236,44.3
1973,8,19.304211,9.461574,8.291912,8.443979,45.1
1973,9,1.838323,5.728834,8.547129,8.776189,45.2
1973,10,7.242186,7.799887,7.169185,7.128502,45.6
1973,11,8.105994,8.647812,6.973396,7.48208,45.9
1973,12,8.05148,11.21721,7.50153,7.448014,46.2
1974,1,9.785962,12.57406,7.363357,7.590764,46.6
1974,2,15.81417,11.60663,7.459376,7.648251,47.2
1974,3,12.12203,10.3388,7.362234,7.596807,47.8
1974,4,6.883693,9.668611,8.402091,8.551289,48
1974,5,12.01069,9.89628,8.649316,8.98708,48.6
1974,6,10.11145,10.35748,7.526336,8.255943,49
1974,7,7.566704,11.10122,7.628459,7.538076,49.4
1974,8,13.39428,11.58109,7.414188,7.808692,50
1974,9,12.34267,10.34333,9.094295,9.235897,50.6
1974,10,9.006326,8.644716,6.099154,6.276627,51.1
1974,11,9.680984,7.26122,6.863164,7.942634,51.5
1974,12,7.246837,6.157955,7.49722,7.565643,51.9
1975,1,4.855838,5.321677,6.608728,7.175099,52.1
1975,2,6.371189,5.276224,5.461964,5.741318,52.5
1975,3,4.738003,5.00806,4.719701,5.4900080000000004,52.7
1975,4,4.71948,6.542149,5.228603,5.625979,52.9
1975,5,5.566699,9.098622,4.969462,5.52165,53.2
1975,6,9.340268,8.798387,4.825937,5.264258,53.6
1975,7,12.3889,7.468468,5.436738,6.019073,54.2
1975,8,4.665991,5.626947,5.996978,6.338213,54.3
1975,9,5.350513,6.091987,5.762815,6.461291,54.6
1975,10,6.864336,6.065125,6.209618,6.642787,54.9
1975,11,6.061113,4.790493,5.283885,5.634712,55.3
1975,12,5.269925,4.010418,5.048287,5.625215,55.5
1976,1,3.040442,3.513122,5.093103,5.259985,55.6
1976,2,3.720887,4.233307,4.418602,4.796502,55.8
1976,3,3.778037,5.217534,4.646934,5.079022,55.9
1976,4,5.200997,6.417921,4.701717,5.028959,56.1
1976,5,6.673568,6.636727,4.740171,5.000417,56.5
1976,6,7.379198,6.110044,5.156685,5.592546,56.8
1976,7,5.857414,5.341009,5.283777,5.4368,57.1
1976,8,5.09352,5.094213,5.080224,5.265443,57.4
1976,9,5.072093,4.588214,4.978412,5.172407,57.6
1976,10,5.117023,4.568938,5.089192,5.165283,57.9
1976,11,3.575525,5.0083,4.732204,4.972262,58
1976,12,5.014266,7.834608,4.276133,4.493959,58.2
1977,1,6.435108,8.275511,4.189028,4.402427,58.5
1977,2,12.05445,9.171496,4.571068,4.811553,59.1
1977,3,6.336976,7.23867,4.469456,4.782312,59.5
1977,4,9.123064,7.66509,4.493746,4.620884,60
1977,5,6.255971,5.992546,4.367555,4.772606,60.3
1977,6,7.616233,5.501339,4.702571,5.099717,60.7
1977,7,4.105433,3.882622,4.884248,5.072023,61
1977,8,4.782352,3.869393,5.195343,5.485132,61.2
1977,9,2.760079,4.082076,5.283777,5.663529,61.4
1977,10,4.065748,4.506677,5.895089,6.012841,61.6
1977,11,5.420399,5.170168,6.007193,6.339295,61.9
1977,12,4.033883,5.821505,5.604548,6.147555,62.1
1978,1,6.056223,7.366295,5.522549,6.243323,62.5
1978,2,7.374409,8.638766,6.009449,6.550963,62.9
1978,3,8.668254,9.664321,6.064039,6.559742,63.4
1978,4,9.873637,10.44582,6.562596,6.615558,63.9
1978,5,10.45107,9.085667,6.200752,6.493002,64.5
1978,6,11.01275,7.308478,6.424899,6.785479,65.2
1978,7,5.79318,5.979484,6.556213,7.187841,65.7
1978,8,5.119508,6.589465,6.497989,7.002123,66
1978,9,7.025764,6.985055,7.580334,7.697147,66.5
1978,10,7.623123,6.734209,7.881943,8.200758,67.1
1978,11,6.306279,7.508717,8.751425,8.878863,67.4
1978,12,6.273224,9.108792,8.886933,9.224109,67.7
1979,1,9.946648,10.48095,8.723579,9.540299,68.3
1979,2,11.10651,11.00524,9.517265,9.528629,69.1
1979,3,10.389709999999999,11.89196,9.458139,9.672996,69.8
1979,4,11.51951,12.38773,9.464418,9.672592,70.6
1979,5,13.76667,11.87711,9.522435,9.801857,71.5
1979,6,11.87701,10.39441,9.704301,9.789722,72.3
1979,7,9.987637,9.905671,8.853532,9.174281,73.1
1979,8,9.318593,9.632198,9.057794,9.391765,73.8
1979,9,10.41078,8.619875,9.872444,10.03631,74.6
1979,10,9.167216,8.356367,9.998088,10.34372,75.2
1979,11,6.281625,9.96921,11.50177,12.41212,75.9
1979,12,9.620259,12.86099,10.40718,11.7615,76.7
1980,1,14.00574,14.57849,9.761541,12.19878,77.8
1980,2,14.95696,12.8125,11.34853,12.34794,78.9
1980,3,14.77275,11.21685,13.29462,14.4196,80.1
1980,4,8.707769,9.150047,15.15681,15.03107,81
1980,5,10.17003,8.712879,8.802561,10.45432,81.8
1980,6,8.57234,8.656165,7.12526,7.908824,82.7
1980,7,7.396264,9.787742,6.085525,8.031307,82.7
1980,8,9.999892,9.744123,7.249541,8.794455,83.3
1980,9,11.96707,8.802374,8.929449,10.06829,84
1980,10,7.265405,7.377762,10.9698,11.63421,84.8
1980,11,7.174647,8.494019,10.9905,12.92957,85.5
1980,12,7.693233,11.12276,14.3047,14.95894,86.3
1981,1,10.61418,11.87055,12.02415,14.72077,87
1981,2,15.06089,10.62583,14.05865,14.75826,87.9
1981,3,9.936591,8.050289,13.97138,14.57486,88.5
1981,4,6.880011,7.019338,13.06822,12.81329,89.1
1981,5,7.334265,7.791796,13.57375,15.26802,89.8
1981,6,6.843737,8.228486,15.79057,15.51193,90.6
1981,7,9.197388,9.113324,14.45855,14.72901,91.6
1981,8,8.644333,7.787688,15.6607,15.33064,92.3
1981,9,9.498251,6.480333,14.92716,16.0278,93.2
1981,10,5.220479,4.724236,13.58701,14.86488,93.4
1981,11,4.722268,5.161171,12.71548,13.15394,93.7
1981,12,4.229963,4.842126,10.36848,10.8042,94
1982,1,6.531282,4.043955,9.435934,11.40082,94.3
1982,2,3.765132,2.491954,11.99978,12.67263,94.6
1982,3,1.835451,4.009578,12.07868,12.87614,94.5
1982,4,1.875277,7.367588,13.46358,13.67184,94.9
1982,5,8.318006,9.468977,12.42304,12.66821,95.8
1982,6,11.90948,7.444243,11.53773,11.91602,97
1982,7,8.179443,5.434504,11.50723,13.04174,97.5
1982,8,2.243804,4.494133,8.930278,9.795261,97.7
1982,9,5.880264,4.348921,6.335796,8.509541,97.9
1982,10,5.358331,2.689854,7.059324,7.764185,98.2
1982,11,1.808168,1.79179,7.724303,8.06528,98
1982,12,0.903063,1.325524,7.63577,8.434636,97.6
1983,1,2.664138,1.297237,8.141189,8.085993,97.8
1983,2,0.409372,3.261987,8.037312,8.264788,97.9
1983,3,0.8182,5.285517,7.455112,8.101323,97.9
1983,4,8.558391,6.356871,8.553856,8.837157,98.6
1983,5,6.479959,5.111015,8.003279,8.254745,99.2
1983,6,4.032262,4.285253,8.107048,8.849361,99.5
1983,7,4.820824,4.934194,8.488949,8.982332,99.9
1983,8,4.002672,4.386179,8.788887,9.455787,100.2
1983,9,5.979086,3.712348,8.486161,9.474233,100.7
1983,10,3.176779,2.246842,8.688437,8.903826,101
1983,11,1.981179,3.4222070000000002,8.438987,8.68947,101.2
1983,12,1.582568,4.592473,8.504189,9.087513,101.3
1984,1,6.702875,4.977128,8.581275,9.182371,101.9
1984,2,5.491976,4.690576,8.88545,9.10613,102.4
1984,3,2.736532,4.024056,8.475822,9.361976,102.6
1984,4,5.843219,4.401371,9.453741,9.97343,103.1
1984,5,3.492417,3.738979,9.267153,9.953471,103.4
1984,6,3.868475,4.239625,8.328031,10.00089,103.7
1984,7,3.856044,4.862488,9.144022,10.19566,104.1
1984,8,4.994358,4.593321,9.67711,10.65679,104.5
1984,9,5.737063,2.928535,10.0939,10.89744,105
1984,10,3.048542,1.269842,10.38033,10.47404,105.3
1984,11,0,1.013644,8.581727,9.22262,105.3
1984,12,0.760985,2.655304,7.435475,8.64325,105.3
1985,1,2.279948,4.162091,7.621558,7.971063,105.5
1985,2,4.92498,5.029931,7.561772,8.235498,106
1985,3,5.281344,4.884976,7.415268,8.702502,106.4
1985,4,4.883469,4.367537,7.778511,8.364659,106.9
1985,5,4.490115,3.359773,7.458186,8.057061,107.3
1985,6,3.729027,2.729554,6.622137,7.284874,107.6
1985,7,1.860177,2.721114,6.555551,6.98937,107.8
1985,8,2.599458,3.331825,6.975403,7.429419,108
1985,9,3.703707,3.814834,6.899581,7.293417,108.3
1985,10,3.692311,3.558844,7.069282,7.216619,108.7
1985,11,4.048485,3.547959,7.153657,7.346784,109
1985,12,2.935736,1.100742,6.625168,7.315833,109.3
1986,1,3.659655,-1.714106,5.937027,7.170339,109.6
1986,2,-3.293165,-3.793825,6.629893,7.119676,109.3
1986,3,-5.508809,-1.468356,6.693627,7.165835,108.8
1986,4,-2.579503,2.324513,6.281684,6.4699159999999996,108.6
1986,5,3.683244,3.306325,5.544848,6.220478,108.9
1986,6,5.869799,2.809623,5.955922,6.425212,109.5
1986,7,0.365932,2.795961,5.891693,6.090957,109.5
1986,8,2.193139,3.03722,5.035007,5.903388,109.7
1986,9,5.828813,2.669081,4.644696,5.253474,110.2
1986,10,1.089709,1.088758,5.115358,5.321613,110.3
1986,11,1.08872,3.134442,5.126819,5.300584,110.4
1986,12,1.087844,4.207778,5.092065,5.517855,110.5
1987,1,7.226761,5.6333,4.768939,5.776696,111.2
1987,2,4.308729,5.35958,5.474479,5.706479,111.6
1987,3,5.364409,5.340534,5.328778,5.555666,112.1
1987,4,6.405601,4.964591,5.207617,5.67875,112.7
1987,5,4.251591,3.885265,3.312929,5.630082,113.1
1987,6,4.236581,4.571491,5.176281,5.811642,113.5
1987,7,3.167622,5.251717,4.957074,5.81807,113.8
1987,8,6.310269,5.237963,4.992455,6.175929,114.4
1987,9,6.27726,3.481322,5.65636,6.333257,115
1987,10,3.126359,1.388902,6.439192,6.749469,115.3
1987,11,1.040348,1.385259,4.235348,5.388237,115.4
1987,12,0,2.074335,3.560411,5.449135,115.4
1988,1,3.115431,3.794756,3.478787,5.788688,115.7
1988,2,3.107574,4.811079,4.242982,5.75635,116
1988,3,5.161263,5.139257,5.197019,5.741084,116.5
1988,4,6.164397,5.117341,5.330564,5.823605,117.1
1988,5,4.092111,4.753865,5.579652,6.106253,117.5
1988,6,5.095515,5.074064,5.888272,6.639319,118
1988,7,5.073969,6.055625,6.24235,6.696378,118.5
1988,8,5.052708,5.697614,5.95501,7.091919,119
1988,9,8.040197,4.346063,7.314185,7.467331,119.8
1988,10,3.999936,2.330438,7.077273,7.406924,120.2
1988,11,0.998057,2.983885,6.791786,7.528513,120.3
1988,12,1.993322,4.299316,6.528946,7.583434,120.5
1989,1,5.960278,5.930916,6.095076,8.296507,121.1
1989,2,4.944349,6.552142,7.9004,8.571994,121.6
1989,3,6.888122,7.172168,7.530663,8.911493,122.3
1989,4,7.823956,5.84426,8.724572,9.125425,123.1
1989,5,6.804426,4.20207,8.515304,8.615668,123.8
1989,6,2.904398,2.576488,8.367481,8.812334,124.1
1989,7,2.897386,2.890418,8.224813,8.164848,124.4
1989,8,1.927679,3.840029,7.851516,7.902734,124.6
1989,9,3.84619,4.151745,7.721258,8.069159,125
1989,10,5.74622,3.504592,7.677315,8.085595,125.6
1989,11,2.862824,5.691796,7.700176,7.94612,125.9
1989,12,1.90473,6.61693,6.250257,7.758632,126.1
1990,1,12.30783,8.163539,6.483943,7.724065,127.4
1990,2,5.638225,4.682035,7.271387,7.916341,128
1990,3,6.544558,3.7325,7.381612,7.948548,128.7
1990,4,1.863323,3.712324,8.053337,7.986059,128.9
1990,5,2.789618,4.627896,7.517834,8.041327,129.2
1990,6,6.484031,7.362203,6.743239,7.924667,129.9
1990,7,4.61004,8.530418,7.47103,7.913307,130.4
1990,8,10.99254,9.397943,7.468623,7.662047,131.6
1990,9,9.988676,6.631662,7.43821,7.548033,132.7
1990,10,7.212614,3.302103,7.026882,7.293367,133.5
1990,11,2.693695,3.282396,6.626972,7.26411,133.8
1990,12,0,2.9784,6.806508,7.167619,133.8
